{"cameraMode":{"drawMode":0,"name":"Shaded","section":"Shading Mode"},"sceneLighting":true,"audioPlay":false,"sceneViewState":{"m_AlwaysRefresh":false,"showFog":false,"showSkybox":true,"showFlares":true,"showImageEffects":true,"showParticleSystems":true,"showVisualEffectGraphs":true,"m_FxEnabled":true},"in2DMode":false,"pivot":{"x":-1.2915204763412476,"y":0.003117278218269348,"z":2.705376625061035},"rotation":{"x":0.002535153878852725,"y":-0.9973862171173096,"z":0.057812049984931949,"w":0.043711185455322269},"size":5.080930709838867,"orthographic":false}