{"cameraMode":{"drawMode":0,"name":"Shaded","section":"Shading Mode"},"sceneLighting":true,"audioPlay":false,"sceneViewState":{"m_AlwaysRefresh":false,"showFog":false,"showSkybox":true,"showFlares":true,"showImageEffects":true,"showParticleSystems":true,"showVisualEffectGraphs":true,"m_FxEnabled":true},"in2DMode":false,"pivot":{"x":-0.23081199824810029,"y":1.3050978183746338,"z":-0.6048837900161743},"rotation":{"x":-0.008136030286550522,"y":-0.9857274293899536,"z":0.049717437475919726,"w":-0.16079586744308473},"size":0.874980628490448,"orthographic":false}