{"cameraMode":{"drawMode":0,"name":"Shaded","section":"Shading Mode"},"sceneLighting":true,"audioPlay":false,"sceneViewState":{"m_AlwaysRefresh":false,"showFog":false,"showSkybox":true,"showFlares":true,"showImageEffects":true,"showParticleSystems":true,"showVisualEffectGraphs":true,"m_FxEnabled":true},"in2DMode":false,"pivot":{"x":-1.726630449295044,"y":-0.32015299797058108,"z":-2.0227887630462648},"rotation":{"x":0.01591292954981327,"y":-0.9756797552108765,"z":0.07566766440868378,"w":0.20520423352718354},"size":2.008028268814087,"orthographic":false}