{"cameraMode":{"drawMode":0,"name":"Shaded","section":"Shading Mode"},"sceneLighting":true,"audioPlay":false,"sceneViewState":{"m_AlwaysRefresh":false,"showFog":false,"showSkybox":true,"showFlares":true,"showImageEffects":true,"showParticleSystems":true,"showVisualEffectGraphs":true,"m_FxEnabled":true},"in2DMode":false,"pivot":{"x":-2.870333194732666,"y":-0.7803999781608582,"z":2.167630434036255},"rotation":{"x":0.023073643445968629,"y":-0.9060278534889221,"z":0.04978538677096367,"w":0.41969478130340578},"size":6.624948978424072,"orthographic":false}